Timestamp,exit_timestamp,margin_used,entry_premium,exit_premium,strategy_type,exit_reason,pnl,transaction_cost,uncounted_trades,leg_1_entry_time_of_leg,leg_1_strike_price,leg_1_option_type,leg_1_action,leg_1_lot_size,leg_1_margin_used,leg_1_entry_price,leg_1_entry_delta,leg_1_entry_theta,leg_1_entry_gamma,leg_1_entry_iv,leg_1_exit_time_of_leg,leg_1_exit_price,leg_1_exit_delta,leg_1_exit_theta,leg_1_exit_gamma,leg_1_exit_iv,net_pnl,percentage_return,cumulative_pnl,max_drawdown
2023-01-03 09:35:00,2023-01-03 09:53:59,3432.75,228.85,205.85,debit,SL_hit,-23.0,0.4347,0,2023-01-03 09:35:00,43300.0,PE,buy,1,3432.75,228.85,0.45700005753275263,-62.6109790274069,0.0006073761937841482,0.19201398286689772,2023-01-03 09:53:59,205.85,0.4340385026566196,-60.78212729385629,0.0006196776780598157,0.1871071772422459,-23.4347,-0.682680067001675,-0.682680067001675,-0.0
2023-01-03 10:02:00,2023-01-03 11:40:36,3546.0,236.4,212.45,debit,SL_hit,-23.950000000000017,0.44885,0,2023-01-03 10:02:00,43400.0,CE,buy,1,3546.0,236.4,0.48714405448464504,-67.46480503488328,0.0006403323027370789,0.1838212666574089,2023-01-03 11:40:36,212.45,0.4711129477456666,-65.91194124553573,0.0006756513926120533,0.17667504745922183,-24.398850000000017,-0.6880668358714049,-1.3707469028730799,-0.6880668358714048
2023-01-03 12:49:00,2023-01-03 13:07:03,3845.9999999999995,256.4,230.4,debit,SL_hit,-25.99999999999997,0.48679999999999995,0,2023-01-03 12:49:00,43300.0,PE,buy,1,3845.9999999999995,256.4,0.515107422154415,-62.52623948846062,0.0006560173915204359,0.18469077208357537,2023-01-03 13:07:03,230.4,0.49729535680000936,-59.93679622417295,0.0006906628868819098,0.17596008483296893,-26.48679999999997,-0.6886843473738943,-2.0594312502469743,-1.3767511832452992
2023-01-03 13:20:00,2023-01-03 13:36:02,3413.25,227.55,202.75,debit,SL_hit,-24.80000000000001,0.4303,0,2023-01-03 13:20:00,43300.0,PE,buy,1,3413.25,227.55,0.48506160566574863,-62.035097188122506,0.0006722606826770061,0.18095362608587617,2023-01-03 13:36:02,202.75,0.4627961850857787,-59.61301662400683,0.0006990475753809733,0.17373451183337943,-25.23030000000001,-0.739186991869919,-2.798618242116893,-2.115938175115218
2023-01-03 13:56:00,2023-01-03 14:20:36,3135.0,209.0,187.6,debit,SL_hit,-21.400000000000006,0.3966,0,2023-01-03 13:56:00,43400.0,PE,buy,1,3135.0,209.0,0.4611242090973633,-62.39467337539966,0.0006743644576090446,0.18020298716745795,2023-01-03 14:20:36,187.6,0.4456187421240543,-59.21510781758664,0.0007097625598362356,0.17106487418903976,-21.796600000000005,-0.6952663476874005,-3.4938845898042934,-2.811204522802618
2023-01-03 14:24:00,2023-01-03 15:01:04,2871.0,191.4,231.3,debit,TP_hit,39.900000000000006,0.4227000000000001,0,2023-01-03 14:24:00,43400.0,PE,buy,1,2871.0,191.4,0.45357906866598796,-59.02348817221082,0.0007162734050325525,0.17007552727430483,2023-01-03 15:01:04,231.3,0.510248898017096,-60.375926124901525,0.0007160448944887321,0.17263407808860423,39.47730000000001,1.3750365726227798,-2.118848017181514,-1.4361679501798388
2023-01-03 15:10:00,2023-01-03 15:15:01,2914.5,194.3,187.25,debit,time_breach,-7.050000000000011,0.38155,0,2023-01-03 15:10:00,43400.0,PE,buy,1,2914.5,194.3,0.47489278208985297,-57.009387252854054,0.0007602588425470458,0.162406934655506,2023-01-03 15:15:00,187.25,0.46296989247736064,-57.18786132751217,0.0007569454396616493,0.16281769987167663,-7.431550000000011,-0.25498541773889216,-2.3738334349204058,-1.6911533679187307
2023-01-04 09:42:00,2023-01-04 09:46:28,2921.25,194.75,173.75,debit,SL_hit,-21.0,0.3685,0,2023-01-04 09:42:00,43400.0,CE,buy,1,2921.25,194.75,0.4893417646670173,-116.70614376745152,0.0007841069304959092,0.20103244030829534,2023-01-04 09:46:28,173.75,0.45035328146241227,-115.99033528939809,0.0007683416924919584,0.20414557738831302,-21.3685,-0.731484809584938,-3.1053182445053436,-2.4226381775036687
2023-01-04 09:48:00,2023-01-04 09:55:26,2772.0,184.8,166.05,debit,SL_hit,-18.75,0.35085000000000005,0,2023-01-04 09:48:00,43400.0,CE,buy,1,2772.0,184.8,0.4778166878253387,-115.0326351669671,0.0007956367653605412,0.19829845027764476,2023-01-04 09:55:26,166.05,0.438329620111233,-115.03028572470271,0.0007687575021009252,0.20375210680840256,-19.10085,-0.6890638528138529,-3.7943820973191964,-3.111702030317521
2023-01-04 10:01:00,2023-01-04 11:03:00,3440.25,229.35,204.55,debit,SL_hit,-24.799999999999983,0.4339,0,2023-01-04 10:01:00,43200.0,CE,buy,1,3440.25,229.35,0.5066878462614,-132.48840314038407,0.0007026912385299511,0.22651562577624845,2023-01-04 11:03:00,204.55,0.48751035450464997,-132.78979838101134,0.0007418449854412756,0.21848239799285515,-25.233899999999984,-0.7334902986701544,-4.527872395989351,-3.845192328987676
2023-01-04 11:14:00,2023-01-04 11:54:27,3626.25,241.75,217.0,debit,SL_hit,-24.75,0.45875,0,2023-01-04 11:14:00,43100.0,CE,buy,1,3626.25,241.75,0.5206337089106228,-143.39245166835153,0.0006951273689992377,0.23402293488722625,2023-01-04 11:54:27,217.0,0.4942860900001733,-145.7548923489955,0.0007144632263589301,0.23091549322887617,-25.20875,-0.695174077904171,-5.223046473893522,-4.540366406891847
2023-01-04 12:47:00,2023-01-04 12:55:43,2780.25,185.35,223.0,debit,TP_hit,37.650000000000006,0.40835000000000005,0,2023-01-04 12:47:00,43000.0,PE,buy,1,2780.25,185.35,0.4545701746252462,-139.63192926855564,0.0007422147518809652,0.2246319849939413,2023-01-04 12:55:43,223.0,0.49636582836569687,-150.40102618532126,0.0007113413857950945,0.23684195620045764,37.24165000000001,1.3395072385576838,-3.883539235335838,-3.200859168334163
2023-01-04 12:59:00,2023-01-04 13:06:17,3445.5,229.7,277.5,debit,TP_hit,47.80000000000001,0.5072,0,2023-01-04 12:59:00,43000.0,CE,buy,1,3445.5,229.7,0.4876711914931775,-169.6108899362191,0.0006602454050153028,0.25544922300213607,2023-01-04 13:06:17,277.5,0.5589499574909951,-162.9696282759164,0.0006728464541083667,0.24800746843854288,47.292800000000014,1.372596139892614,-2.5109430954432237,-1.8282630284415486
2023-01-04 13:07:00,2023-01-04 13:31:51,3138.75,209.25,254.1,debit,TP_hit,44.849999999999994,0.46335000000000004,0,2023-01-04 13:07:00,43100.0,PE,buy,1,3138.75,209.25,0.5130309785030818,-135.04194680947893,0.000797585641976184,0.21148912590099261,2023-01-04 13:31:51,254.1,0.5599723938814805,-140.36175656264578,0.0007494242026950815,0.22473983992110524,44.386649999999996,1.4141505376344086,-1.0967925578088151,-0.4141124908071401
2023-01-04 13:57:00,2023-01-04 14:03:10,2481.75,165.45,148.05,debit,SL_hit,-17.399999999999977,0.3135,0,2023-01-04 13:57:00,43100.0,PE,buy,1,2481.75,165.45,0.4640699274929716,-134.18009750848458,0.0008592903100179683,0.19851370981685137,2023-01-04 14:03:10,148.05,0.43736763721966554,-128.97143702820475,0.0008705373488737678,0.19456524197505826,-17.71349999999998,-0.7137503777576298,-1.810542935566445,-1.12786286856477
2023-01-05 09:32:00,2023-01-05 09:33:34,1731.75,115.45,101.75,debit,SL_hit,-13.700000000000003,0.2172,0,2023-01-05 09:32:00,43000.0,PE,buy,1,1731.75,115.45,0.4555437943096763,-110.98038005014024,0.0011923444276362716,0.29605684713912395,2023-01-05 09:33:34,101.75,0.4227994904162813,-100.65480136634027,0.0011946239908411371,0.2922341224044462,-13.917200000000003,-0.8036494875126319,-2.6141924230790767,-1.9315123560774017
2023-01-05 10:18:00,2023-01-05 10:32:06,2355.75,157.05,190.55,debit,TP_hit,33.5,0.3476,0,2023-01-05 10:18:00,42900.0,PE,buy,1,2355.75,157.05,0.5455054957451466,-111.10242959527187,0.0011636132057901705,0.3261897084913577,2023-01-05 10:32:06,190.55,0.6133355468904256,-89.82546768948667,0.001129737370320072,0.33248035014056204,33.1524,1.4072970391595032,-1.2068953839195735,-0.5242153169178985
2023-01-05 10:51:00,2023-01-05 10:51:31,1835.25,122.35,108.65,debit,SL_hit,-13.699999999999989,0.231,0,2023-01-05 10:51:00,42800.0,CE,buy,1,1835.25,122.35,0.46691821107245346,-115.20410691927884,0.0011602348592987255,0.3477428730434618,2023-01-05 10:51:31,108.65,0.4483635548147902,-104.97070761875923,0.0012229038759414834,0.32869230054243986,-13.930999999999989,-0.7590791445307172,-1.9659745284502907,-1.2832944614486157
2023-01-05 12:13:00,2023-01-05 12:17:15,1404.0,93.6,81.3,debit,SL_hit,-12.299999999999997,0.17489999999999997,0,2023-01-05 12:13:00,42600.0,PE,buy,1,1404.0,93.6,0.4562123089186798,-86.56244843188706,0.0014730625252923346,0.3262043824755348,2023-01-05 12:17:15,81.3,0.4197653215918251,-78.77506729464879,0.001475663538030858,0.3242652195686739,-12.474899999999996,-0.8885256410256408,-2.8545001694759318,-2.171820102474257
2023-01-05 13:03:00,2023-01-05 13:04:06,1605.0,107.0,94.35,debit,SL_hit,-12.650000000000006,0.20135,0,2023-01-05 13:03:00,42600.0,CE,buy,1,1605.0,107.0,0.46849242035520433,-94.94670529326534,0.0013348373784083378,0.41846268891882604,2023-01-05 13:04:06,94.35,0.4424915864504442,-87.73128812819728,0.0013785771102448052,0.40389850834951146,-12.851350000000005,-0.8007071651090346,-3.6552073345849663,-2.972527267583291
2023-01-05 13:27:00,2023-01-05 13:27:43,2301.0,153.4,136.35,debit,SL_hit,-17.05000000000001,0.28975,0,2023-01-05 13:27:00,42300.0,CE,buy,1,2301.0,153.4,0.5627120986503087,-95.96550243114213,0.0012339643262748723,0.4928714642161517,2023-01-05 13:27:43,136.35,0.5461846846003482,-91.82731521506278,0.001329668180005683,0.4615252952322969,-17.339750000000013,-0.7535745328118215,-4.408781867396788,-3.7261018003951127
2023-01-05 13:28:00,2023-01-05 13:30:12,1938.75,129.25,157.25,debit,TP_hit,28.0,0.28650000000000003,0,2023-01-05 13:28:00,42300.0,CE,buy,1,1938.75,129.25,0.5217027690108011,-95.92563144780479,0.0013092571293782385,0.4719606783326075,2023-01-05 13:30:12,157.25,0.5986039742623461,-81.61802635964219,0.0013122973996360088,0.46063408762394364,27.7135,1.429451966473243,-2.9793299009235445,-2.2966498339218697
2023-01-05 13:36:00,2023-01-05 13:36:43,1870.5,124.7,108.9,debit,SL_hit,-15.799999999999997,0.23360000000000003,0,2023-01-05 13:36:00,42400.0,PE,buy,1,1870.5,124.7,0.5424620926227419,-82.89466106479874,0.0014519399371692998,0.4378305235202934,2023-01-05 13:36:43,108.9,0.5243071510719233,-77.87474917561687,0.001578970341142849,0.405307860776087,-16.033599999999996,-0.857182571504945,-3.8365124724284896,-3.1538324054268143
2023-01-05 13:47:00,2023-01-05 13:47:16,1157.25,77.15,69.0,debit,SL_hit,-8.150000000000006,0.14615,0,2023-01-05 13:47:00,42400.0,PE,buy,1,1157.25,77.15,0.4414340831772279,-68.69914634887064,0.0016915706169129407,0.3927631658326554,2023-01-05 13:47:16,69.0,0.42436414109658926,-63.21420981663274,0.0017700000398690463,0.37300288270919035,-8.296150000000006,-0.7168848563404628,-4.553397328768952,-3.870717261767277
2023-01-05 14:33:00,2023-01-05 14:33:05,819.75,54.65,48.7,debit,SL_hit,-5.949999999999996,0.10335,0,2023-01-05 14:33:00,42500.0,PE,buy,1,819.75,54.65,0.43373938757582664,-45.0425247411439,0.0023167403639945405,0.3834467103693035,2023-01-05 14:33:05,48.7,0.42059263172902206,-41.19586254122072,0.002468167252800413,0.357946068798976,-6.053349999999996,-0.7384385483379075,-5.291835877106859,-4.609155810105184
2023-01-05 14:34:00,2023-01-05 14:35:10,831.75,55.45,70.3,debit,TP_hit,14.849999999999994,0.12575,0,2023-01-05 14:34:00,42500.0,PE,buy,1,831.75,55.45,0.43938994786607566,-44.99254866404742,0.0023331963205919237,0.3850307795877244,2023-01-05 14:35:10,70.3,0.527573315830665,-43.953437263415836,0.002465688311303893,0.3719294320211209,14.724249999999994,1.7702735196874053,-3.5215623574194534,-2.8388822904177786
2023-01-05 15:00:00,2023-01-05 15:00:03,698.25,46.55,59.55,debit,TP_hit,13.0,0.1061,0,2023-01-05 15:00:00,42500.0,CE,buy,1,698.25,46.55,0.5124180862985384,-26.117972618630407,0.003546407754129177,0.35015179834490057,2023-01-05 15:00:03,59.55,0.54404603062288,-29.93157694588479,0.0030348353874387612,0.40711559002134623,12.8939,1.8466022198353027,-1.6749601375841507,-0.9922800705824757
2023-01-05 15:01:00,2023-01-05 15:01:10,823.5,54.9,66.0,debit,TP_hit,11.100000000000001,0.12090000000000001,0,2023-01-05 15:01:00,42500.0,CE,buy,1,823.5,54.9,0.6260287929983122,-19.374922563755014,0.003996573241238366,0.3000690611911886,2023-01-05 15:01:10,66.0,0.6361064546574369,-22.136971057475527,0.0033897130435889267,0.3515925480831668,10.9791,1.3332240437158471,-0.3417360938683036,-0.0
2023-01-05 15:06:00,2023-01-05 15:06:25,295.5,19.7,24.5,debit,TP_hit,4.800000000000001,0.0442,0,2023-01-05 15:06:00,42600.0,PE,buy,1,295.5,19.7,0.4447017396429942,-12.24505508225809,0.006689445157803675,0.20513915734858537,2023-01-05 15:06:25,24.5,0.47948097337418005,-13.712272388443893,0.006083574461968055,0.2294909839650715,4.755800000000001,1.6094077834179359,1.2676716895496323,-0.0
2023-01-06 09:22:00,2023-01-06 09:30:01,5554.5,370.3,333.2,debit,SL_hit,-37.10000000000002,0.7035,0,2023-01-06 09:22:00,42500.0,CE,buy,1,5554.5,370.3,0.525683318596748,-32.6002065317947,0.00045838760343031026,0.15608356347246308,2023-01-06 09:30:01,333.2,0.49430282206230913,-32.194261086240545,0.0004632101990864612,0.1550827111379703,-37.80350000000002,-0.6805923125393828,0.5870793770102495,-0.6805923125393828
2023-01-06 09:39:00,2023-01-06 09:49:27,4945.5,329.7,396.45,debit,TP_hit,66.75,0.72615,0,2023-01-06 09:39:00,42600.0,PE,buy,1,4945.5,329.7,0.48482196764325636,-24.93602197219758,0.0004654532403947087,0.15378345721569764,2023-01-06 09:49:27,396.45,0.5420557740052345,-24.540233842177827,0.0004603754177878727,0.15529419740771486,66.02385,1.3350288140734,1.9221081910836495,-0.0
2023-01-06 10:00:00,2023-01-06 10:15:58,5302.5,353.5,318.0,debit,SL_hit,-35.5,0.6715,0,2023-01-06 10:00:01,42400.0,CE,buy,1,5302.5,353.5,0.5090236219302824,-32.78433875814329,0.0004570040346152382,0.15767875967158956,2023-01-06 10:15:58,318.0,0.4738863047492714,-32.655935916800274,0.00045372928525466705,0.15896542017500617,-36.1715,-0.6821593587930221,1.2399488322906274,-0.6821593587930221
2023-01-06 10:44:00,2023-01-06 12:26:42,5557.5,370.5,333.0,debit,SL_hit,-37.5,0.7035,0,2023-01-06 10:44:00,42300.0,CE,buy,1,5557.5,370.5,0.508819135052363,-34.37202298012983,0.0004354706106823869,0.1662771869795562,2023-01-06 12:26:42,333.0,0.4944684260294707,-32.74844262831988,0.0004636888206732692,0.15719470108515807,-38.2035,-0.6874224021592442,0.5525264301313831,-1.3695817609522662
2023-01-06 12:45:00,2023-01-06 12:58:16,5732.25,382.15,341.3,debit,SL_hit,-40.849999999999966,0.72345,0,2023-01-06 12:45:00,42200.0,CE,buy,1,5732.25,382.15,0.519852862356629,-34.76524158754597,0.00043642216951411683,0.16719875613011376,2023-01-06 12:58:16,341.3,0.49560188157045104,-33.4927067181431,0.0004540021336651989,0.16124904437505597,-41.573449999999966,-0.7252553534824888,-0.17272892335110568,-2.094837114434755
2023-01-06 13:04:00,2023-01-06 13:21:57,5554.5,370.3,331.75,debit,SL_hit,-38.55000000000001,0.70205,0,2023-01-06 13:04:00,42100.0,CE,buy,1,5554.5,370.3,0.5127629031562719,-34.491652778366756,0.0004409639586810954,0.16620499192009405,2023-01-06 13:21:57,331.75,0.4835217029096839,-33.75082528222458,0.00044909370444656815,0.16359473422478635,-39.25205000000001,-0.7066711675218293,-0.879400090872935,-2.8015082819565844
2023-01-06 13:37:00,2023-01-06 13:46:49,5096.25,339.75,305.5,debit,SL_hit,-34.25,0.64525,0,2023-01-06 13:37:00,42000.0,PE,buy,1,5096.25,339.75,0.48526517279867676,-26.630090664287536,0.0004525924168774509,0.16258272914270974,2023-01-06 13:46:49,305.5,0.45857499998476214,-26.159670306189753,0.0004590577873386792,0.15940863548835046,-34.89525,-0.6847240618101544,-1.5641241526830894,-3.486232343766739
2023-01-06 13:51:00,2023-01-06 14:01:00,4662.75,310.85,279.3,debit,SL_hit,-31.55000000000001,0.5901500000000001,0,2023-01-06 13:51:00,42000.0,PE,buy,1,4662.75,310.85,0.45782759927703864,-26.75712228780776,0.00045014246552455006,0.16259032702804554,2023-01-06 14:01:00,279.3,0.4330300186381919,-26.03642312763995,0.00045652086555492133,0.1588216619164083,-32.14015000000001,-0.6892960162993944,-2.2534201689824838,-4.175528360066133
2023-01-06 14:10:00,2023-01-06 14:18:50,5548.5,369.9,332.4,debit,SL_hit,-37.5,0.7022999999999999,0,2023-01-06 14:10:00,42000.0,CE,buy,1,5548.5,369.9,0.5139528030952079,-34.58547894156294,0.0004431512934388593,0.16642005878666832,2023-01-06 14:18:50,332.4,0.48476773920640426,-33.90275257435138,0.00044998671455687145,0.16417587706023123,-38.2023,-0.6885158150851581,-2.941935984067642,-4.8640441751512915
2023-01-06 14:23:00,2023-01-06 14:25:43,5977.5,398.5,478.9,debit,TP_hit,80.39999999999998,0.8774,0,2023-01-06 14:23:00,41900.0,CE,buy,1,5977.5,398.5,0.5460808644130566,-33.966673024540796,0.00045080412292008987,0.16282661051156666,2023-01-06 14:25:43,478.9,0.6020869388606798,-34.150767863970316,0.0004299482725400594,0.165683695100571,79.52259999999998,1.3303655374320367,-1.6115704466356053,-3.533678637719255
2023-01-06 14:28:00,2023-01-06 14:57:56,4385.25,292.35,260.25,debit,SL_hit,-32.10000000000002,0.5526,0,2023-01-06 14:28:00,42000.0,PE,buy,1,4385.25,292.35,0.4550566594133443,-25.37457332073393,0.0004735210268336232,0.15475061346753133,2023-01-06 14:57:56,260.25,0.42826541500176063,-24.68176735017883,0.0004805997377843596,0.15102601998350235,-32.65260000000002,-0.7446006499059352,-2.3561710965415408,-4.278279287625191
2023-01-06 15:13:00,2023-01-06 15:15:02,4332.75,288.85,287.1,debit,time_breach,-1.75,0.5759500000000001,0,2023-01-06 15:13:00,42200.0,PE,buy,1,4332.75,288.85,0.46142958487394026,-24.587305716265064,0.0004901653483102564,0.1494933859286064,2023-01-06 15:15:01,287.1,0.46030505826308854,-24.52970100550897,0.0004911709083899041,0.1491557452243873,-2.32595,-0.053682995787894525,-2.4098540923294354,-4.331962283413085
2023-01-09 09:22:00,2023-01-09 09:25:27,3995.9999999999995,266.4,374.0,debit,TP_hit,107.60000000000002,0.6404,0,2023-01-09 09:22:00,42300.0,PE,buy,1,3995.9999999999995,266.4,0.47430966392596474,-44.39111332935775,0.0005550788273467333,0.17947842156698743,2023-01-09 09:25:27,374.0,0.5117743013556719,-55.84223843863771,0.0004472963155421894,0.22358100234352282,106.95960000000002,2.6766666666666676,0.26681257433723227,-1.6552956167464172
2023-01-09 09:35:00,2023-01-09 09:49:51,3740.25,249.35,341.05,debit,TP_hit,91.70000000000002,0.5904,0,2023-01-09 09:35:00,42400.0,PE,buy,1,3740.25,249.35,0.46514424025616563,-42.8278479566882,0.0005743348197029263,0.17294202206574003,2023-01-09 09:49:51,341.05,0.5266583891113896,-48.286630723995074,0.0005117271939525381,0.19522214698160123,91.10960000000001,2.4359227324376715,2.702735306774904,-0.0
2023-01-09 09:59:00,2023-01-09 10:03:19,3859.5,257.3,230.15,debit,SL_hit,-27.150000000000006,0.48745000000000005,0,2023-01-09 09:59:00,42400.0,PE,buy,1,3859.5,257.3,0.46984506097373924,-43.84378644304334,0.0005657852852891665,0.1761811727665722,2023-01-09 10:03:19,230.15,0.4418844770185615,-42.856182543404174,0.0005716077566830791,0.1729000435734671,-27.637450000000005,-0.7160888716154943,1.9866464351594095,-0.7160888716154943
2023-01-09 10:10:00,2023-01-09 10:31:15,3741.75,249.45,222.8,debit,SL_hit,-26.649999999999977,0.47225,0,2023-01-09 10:10:00,42500.0,PE,buy,1,3741.75,249.45,0.46737283646933747,-42.893770505188826,0.0005785003054370463,0.1720227080453949,2023-01-09 10:31:15,222.8,0.4364702106087748,-42.45273450624282,0.0005783439860351791,0.17060790535633402,-27.122249999999976,-0.724854680296652,1.2617917548627575,-1.4409435519121463
2023-01-09 10:47:00,2023-01-09 11:34:02,4782.75,318.85,384.0,debit,TP_hit,65.14999999999998,0.7028500000000001,0,2023-01-09 10:47:00,42500.0,CE,buy,1,4782.75,318.85,0.520742920491557,-55.388606900126604,0.0005256629265204538,0.1905190913128086,2023-01-09 11:34:02,384.0,0.5932774745758707,-53.512447313942744,0.0005272784164844779,0.18533560198531032,64.44714999999998,1.3474915059327788,2.6092832607955363,-0.09345204597936752
2023-01-09 11:39:00,2023-01-09 13:31:25,4038.75,269.25,323.95,debit,TP_hit,54.69999999999999,0.5932000000000001,0,2023-01-09 11:39:00,42700.0,PE,buy,1,4038.75,269.25,0.5039835588377173,-41.85166264517986,0.0006043978828529362,0.1662585940496892,2023-01-09 13:31:25,323.95,0.5746514296049554,-40.18952614248656,0.000611207724432461,0.1639891782301804,54.106799999999986,1.3396917363045493,3.948974997100086,-0.0
2023-01-09 13:46:00,2023-01-09 13:49:16,4667.25,311.15,278.9,debit,SL_hit,-32.25,0.59005,0,2023-01-09 13:46:00,42400.0,CE,buy,1,4667.25,311.15,0.5317829948694452,-54.609516327246524,0.0005564652383327484,0.183605894959653,2023-01-09 13:49:16,278.9,0.5003996507355168,-53.90858413595819,0.0005654351298289839,0.18155399263094155,-32.84005,-0.7036274037173924,3.2453475933826934,-0.7036274037173924
2023-01-09 13:50:00,2023-01-09 14:00:35,4213.5,280.9,338.7,debit,TP_hit,57.80000000000001,0.6195999999999999,0,2023-01-09 13:50:00,42400.0,CE,buy,1,4213.5,280.9,0.5001943312976209,-54.313622439179284,0.000561025785827951,0.18300565439686053,2023-01-09 14:00:35,338.7,0.5590306310438109,-54.72716828413462,0.0005503005695572938,0.1843101544961895,57.18040000000001,1.3570760650290736,4.602423658411767,-0.0
2023-01-09 14:01:00,2023-01-09 14:34:01,3993.0,266.2,238.7,debit,SL_hit,-27.5,0.5049,0,2023-01-09 14:01:00,42500.0,PE,buy,1,3993.0,266.2,0.5054032616413906,-42.74514400025191,0.000613956103734381,0.16706591386788494,2023-01-09 14:34:01,238.7,0.49062765699829924,-40.44960899718629,0.0006528637186420383,0.15755465996171708,-28.0049,-0.7013498622589531,3.9010737961528137,-0.7013498622589531
2023-01-09 15:06:00,2023-01-09 15:15:01,3361.5,224.1,229.2,debit,time_breach,5.099999999999994,0.4533,0,2023-01-09 15:06:00,42600.0,PE,buy,1,3361.5,224.1,0.48179142663684615,-39.335725741062646,0.0006754083869964234,0.15236503457542264,2023-01-09 15:15:00,229.2,0.4820882175664565,-40.36154485471312,0.0006611094249819871,0.15581636446425015,4.646699999999995,0.13823293172690748,4.039306727879721,-0.563116930532046
2023-01-10 09:55:00,2023-01-10 10:17:08,3808.5,253.9,305.85,debit,TP_hit,51.95000000000002,0.55975,0,2023-01-10 09:55:00,42200.0,CE,buy,1,3808.5,253.9,0.4945384812174325,-70.49877848600303,0.0006101782901168917,0.19822029362767363,2023-01-10 10:17:08,305.85,0.5454626812678498,-73.03436598849484,0.0005882606046725414,0.20458990430828958,51.390250000000016,1.3493567021136934,5.388663429993414,-0.0
2023-01-10 10:37:00,2023-01-10 11:15:25,4484.25,298.95,267.8,debit,SL_hit,-31.149999999999977,0.56675,0,2023-01-10 10:37:00,42100.0,CE,buy,1,4484.25,298.95,0.5330175603319276,-74.73860495477604,0.0005813626557937823,0.20888532078420358,2023-01-10 11:15:25,267.8,0.5024418276803999,-74.62095522920501,0.0005929263124926365,0.207037688526269,-31.716749999999976,-0.7072921893293188,4.681371240664095,-0.7072921893293191
2023-01-10 11:57:00,2023-01-10 12:41:00,3987.0,265.8,238.35,debit,SL_hit,-27.450000000000017,0.50415,0,2023-01-10 11:57:00,42100.0,CE,buy,1,3987.0,265.8,0.4937162340837631,-77.11585914703352,0.0005810380798720871,0.2127336071606228,2023-01-10 12:41:00,238.35,0.47856281599933936,-73.63768863980613,0.0006169494781715912,0.20162836925091773,-27.954150000000016,-0.7011324303987965,3.980238810265299,-1.4084246197281156
2023-01-10 12:49:00,2023-01-10 13:47:29,4425.0,295.0,356.35,debit,TP_hit,61.35000000000002,0.65135,0,2023-01-10 12:49:00,41900.0,CE,buy,1,4425.0,295.0,0.5199814497984789,-80.48591200290224,0.0005672484348906437,0.22030750511289582,2023-01-10 13:47:29,356.35,0.5852314327313479,-80.20917393566299,0.0005579130402111332,0.22066391733198398,60.69865000000002,1.3717209039548028,5.351959714220102,-0.03670371577331277
2023-01-10 13:51:00,2023-01-10 13:54:02,3315.0,221.0,198.85,debit,SL_hit,-22.150000000000006,0.41985000000000006,0,2023-01-10 13:51:00,42000.0,PE,buy,1,3315.0,221.0,0.4799632587577207,-62.10645976323801,0.0006806538976888987,0.18507269238085414,2023-01-10 13:54:02,198.85,0.45033306117687744,-61.37878285478777,0.0006817535336267611,0.18348943706919524,-22.569850000000006,-0.6808401206636503,4.671119593556451,-0.7175438364369633
2023-01-10 14:32:00,2023-01-10 15:01:15,4061.25,270.75,328.35,debit,TP_hit,57.60000000000002,0.5991000000000001,0,2023-01-10 14:32:00,41900.0,CE,buy,1,4061.25,270.75,0.5077983541298181,-79.89602118533534,0.0005962147042737342,0.21359170941848313,2023-01-10 15:01:15,328.35,0.5644658405174141,-81.71301129634065,0.000575780632061651,0.21891958669459005,57.00090000000002,1.4035309325946452,6.074650526151096,-0.0
2023-01-10 15:12:00,2023-01-10 15:13:12,2972.25,198.15,177.8,debit,SL_hit,-20.349999999999994,0.37595000000000006,0,2023-01-10 15:12:00,42000.0,PE,buy,1,2972.25,198.15,0.48495158689831896,-56.39419879951524,0.0007711145144639886,0.16576468161049684,2023-01-10 15:13:12,177.8,0.4565631936870318,-55.36090686621647,0.0007791365419507201,0.16309437451396464,-20.725949999999994,-0.697315165278829,5.377335360872268,-0.6973151652788285
2023-01-11 09:37:00,2023-01-11 09:37:43,3765.0,251.0,312.0,debit,TP_hit,61.0,0.5630000000000001,0,2023-01-11 09:37:01,41800.0,CE,buy,1,3765.0,251.0,0.5021956242288184,-143.50723212013315,0.0006325009849206253,0.2584300883707383,2023-01-11 09:37:43,312.0,0.5362406822882804,-159.77700175736592,0.0005618767318082973,0.28933963790296047,60.437,1.6052324037184595,6.982567764590727,-0.0
2023-01-11 09:41:00,2023-01-11 09:41:50,3366.0,224.4,274.95,debit,TP_hit,50.54999999999998,0.49935,0,2023-01-11 09:41:00,42100.0,PE,buy,1,3366.0,224.4,0.4857125425672848,-126.34973757117461,0.0006832789267718908,0.23751575583213375,2023-01-11 09:41:50,274.95,0.5392988700009482,-128.92870501422132,0.0006561901955137728,0.24680968515058796,50.05064999999998,1.4869474153297677,8.469515179920496,-0.0
2023-01-11 09:42:00,2023-01-11 09:43:43,3368.25,224.55,275.45,debit,TP_hit,50.89999999999998,0.5,0,2023-01-11 09:42:00,42000.0,PE,buy,1,3368.25,224.55,0.5008821815337683,-120.39056563482431,0.0007167116677919694,0.22730889870526172,2023-01-11 09:43:43,275.45,0.5352656150989787,-131.39675423434875,0.0006477318947872845,0.25095899997266163,50.39999999999998,1.4963259853039406,9.965841165224436,-0.0
2023-01-11 09:53:00,2023-01-11 09:54:44,2939.25,195.95,172.7,debit,SL_hit,-23.25,0.36865,0,2023-01-11 09:53:00,42000.0,PE,buy,1,2939.25,195.95,0.4377081425616325,-128.23751097013923,0.0006600055257877102,0.24400641631756687,2023-01-11 09:54:44,172.7,0.4105951746254277,-121.11527494799941,0.0006720631517964648,0.2363953768113689,-23.61865,-0.8035604320830144,9.162280733141422,-0.8035604320830139
2023-01-11 10:57:00,2023-01-11 11:48:23,3927.0,261.8,317.3,debit,TP_hit,55.5,0.5791000000000001,0,2023-01-11 10:57:00,42000.0,CE,buy,1,3927.0,261.8,0.5383872578477167,-143.71703899402127,0.0006749064596078824,0.24513937736985056,2023-01-11 11:48:23,317.3,0.6185437231522428,-132.51391023222726,0.0006758284598618047,0.2379571702497222,54.9209,1.3985459638400815,10.560826696981504,-0.0
2023-01-11 11:51:00,2023-01-11 11:53:28,3205.5,213.7,191.55,debit,SL_hit,-22.149999999999977,0.40525,0,2023-01-11 11:51:00,42200.0,PE,buy,1,3205.5,213.7,0.5240142565398287,-120.44928874399976,0.0008069108048402995,0.20835785586764627,2023-01-11 11:53:28,191.55,0.4938350295475402,-120.17737233858519,0.000820767809273093,0.2051820552228432,-22.555249999999976,-0.7036421775074084,9.857184519474096,-0.7036421775074082
2023-01-11 11:58:00,2023-01-11 12:01:02,2605.5,173.7,153.95,debit,SL_hit,-19.75,0.32765,0,2023-01-11 11:58:01,42200.0,PE,buy,1,2605.5,173.7,0.44525055663768853,-126.3447903815907,0.0007651897249161266,0.2179840313782426,2023-01-11 12:01:02,153.95,0.41558632887017666,-120.55259755348317,0.0007688362302360474,0.21411299731166977,-20.07765,-0.770587219343696,9.0865973001304,-1.4742293968511042
2023-01-11 12:13:00,2023-01-11 12:33:43,3210.0,214.0,258.6,debit,TP_hit,44.60000000000002,0.4726,0,2023-01-11 12:13:00,42300.0,PE,buy,1,3210.0,214.0,0.5219087770271358,-124.75962550564999,0.0008009132557162957,0.210889421486581,2023-01-11 12:33:43,258.6,0.570252873183108,-126.95864075358872,0.0007559276582469465,0.222023133794501,44.12740000000002,1.3746853582554523,10.461282658385851,-0.09954403859565275
2023-01-11 12:37:00,2023-01-11 12:49:05,3126.75,208.45,186.35,debit,SL_hit,-22.099999999999994,0.3948,0,2023-01-11 12:37:01,42200.0,CE,buy,1,3126.75,208.45,0.49684757503598576,-146.09066867656927,0.000750036974750401,0.22760137063280983,2023-01-11 12:49:05,186.35,0.46671636684294526,-143.69611304933906,0.0007592532824673981,0.22512883644477003,-22.494799999999994,-0.7194307187974732,9.741851939588377,-0.8189747573931268
2023-01-11 12:59:00,2023-01-11 13:04:16,2974.5,198.3,178.0,debit,SL_hit,-20.30000000000001,0.3763,0,2023-01-11 12:59:01,42200.0,PE,buy,1,2974.5,198.3,0.5037610186093389,-130.75057483243546,0.0008180450095096603,0.21012061314439429,2023-01-11 13:04:16,178.0,0.47453102620380605,-129.6720003886044,0.0008285022090603889,0.20722781617981417,-20.676300000000012,-0.6951185073121537,9.046733432276223,-1.5140932647052807
2023-01-11 13:08:00,2023-01-11 13:42:23,2585.25,172.35,207.75,debit,TP_hit,35.400000000000006,0.38010000000000005,0,2023-01-11 13:08:00,42200.0,PE,buy,1,2585.25,172.35,0.45337869088655225,-133.80040221858013,0.0007943754098960198,0.21518162854169737,2023-01-11 13:42:23,207.75,0.5151223924031001,-140.18482691349573,0.0008084612090897281,0.21548858683257915,35.01990000000001,1.3546040034812883,10.401337435757512,-0.15948926122399243
2023-01-11 13:50:00,2023-01-11 13:54:09,3033.0,202.2,181.8,debit,SL_hit,-20.399999999999977,0.384,0,2023-01-11 13:50:00,42200.0,CE,buy,1,3033.0,202.2,0.4960257408782809,-157.02490972859007,0.0007713759941907483,0.22648643950729058,2023-01-11 13:54:09,181.8,0.47476080052746283,-150.27007204815163,0.0008003169682524458,0.21829925216741225,-20.783999999999978,-0.6852621167161219,9.71607531904139,-0.8447513779401135
2023-01-11 14:36:00,2023-01-11 14:40:11,2593.5,172.9,155.0,debit,SL_hit,-17.900000000000006,0.32789999999999997,0,2023-01-11 14:36:00,42200.0,PE,buy,1,2593.5,172.9,0.47710133133733734,-145.5582796475039,0.0008601458034718235,0.20572703646800428,2023-01-11 14:40:11,155.0,0.44628846315504234,-141.34812389727065,0.0008601318768342026,0.20431422528850013,-18.227900000000005,-0.7028301523038367,9.013245166737555,-1.5475815302439493
2023-01-11 15:07:00,2023-01-11 15:09:57,2555.25,170.35,205.4,debit,TP_hit,35.05000000000001,0.37575000000000003,0,2023-01-11 15:07:00,42200.0,CE,buy,1,2555.25,170.35,0.4971206637961245,-154.36855274285344,0.0009198905104312871,0.19483872891054857,2023-01-11 15:09:57,205.4,0.541014147148644,-160.36953022035837,0.0008682206953380955,0.20531716080987122,34.674250000000015,1.3569807259563649,10.37022589269392,-0.19060080428758397
2023-01-12 09:38:00,2023-01-12 09:39:10,2517.75,167.85,151.05,debit,SL_hit,-16.799999999999983,0.31889999999999996,0,2023-01-12 09:38:01,42300.0,PE,buy,1,2517.75,167.85,0.5523216101906314,-114.97366014575465,0.0011092654972344462,0.3261130506442172,2023-01-12 09:39:10,151.05,0.5164037942520849,-123.1354145358244,0.0011139118782921287,0.32757709809817914,-17.118899999999982,-0.6799285075960673,9.690297385097853,-0.8705293118836508
2023-01-12 10:07:00,2023-01-12 10:16:16,2355.0,157.0,139.6,debit,SL_hit,-17.400000000000006,0.29660000000000003,0,2023-01-12 10:07:00,42100.0,CE,buy,1,2355.0,157.0,0.4931105553609427,-141.2426674953265,0.000985923804819322,0.38777102199665175,2023-01-12 10:16:16,139.6,0.4706671990703626,-131.62798841288156,0.0010293950936102192,0.3760414681072303,-17.696600000000007,-0.7514479830148623,8.93884940208299,-1.6219772948985138
2023-01-12 10:32:00,2023-01-12 10:41:24,2313.75,154.25,185.65,debit,TP_hit,31.400000000000006,0.3399,0,2023-01-12 10:32:00,41900.0,CE,buy,1,2313.75,154.25,0.48954766650552983,-139.1884198892748,0.0009919838817040727,0.4030849025726309,2023-01-12 10:41:24,185.65,0.5747366879859328,-116.29886973227563,0.0010497700486666872,0.37964223086916515,31.060100000000006,1.3424138303619668,10.281263232444957,-0.27956346453654746
2023-01-12 10:44:00,2023-01-12 10:46:38,1794.0,119.6,106.35,debit,SL_hit,-13.25,0.22594999999999998,0,2023-01-12 10:44:00,41900.0,PE,buy,1,1794.0,119.6,0.4460567645118374,-115.10938974869809,0.0011121936438485136,0.3632565594602906,2023-01-12 10:46:38,106.35,0.4169137586778504,-104.89360036791363,0.0011165776925281534,0.3586648550101711,-13.47595,-0.7511677814938684,9.530095450951087,-1.0307312460304168
2023-01-12 11:28:00,2023-01-12 11:32:03,2133.75,142.25,171.1,debit,TP_hit,28.849999999999994,0.31335,0,2023-01-12 11:28:00,41900.0,CE,buy,1,2133.75,142.25,0.5250966624444686,-112.20979928019337,0.0012008470662294712,0.36861912890160287,2023-01-12 11:32:03,171.1,0.593665665829235,-95.19515756379664,0.001192011040984653,0.36435008149435216,28.536649999999995,1.3373942589338017,10.86748970988489,-0.0
2023-01-12 11:36:00,2023-01-12 11:43:58,1812.75,120.85,145.2,debit,TP_hit,24.349999999999994,0.26604999999999995,0,2023-01-12 11:36:00,42000.0,PE,buy,1,1812.75,120.85,0.5048768094503941,-100.02709634048676,0.0013431387912987702,0.33519395090995646,2023-01-12 11:43:58,145.2,0.5593775297924708,-94.17871081495085,0.0013051803193775413,0.3474398664314606,24.083949999999994,1.328586401875603,12.196076111760492,-0.0
2023-01-12 12:18:00,2023-01-12 12:30:40,2201.25,146.75,131.6,debit,SL_hit,-15.150000000000006,0.27835000000000004,0,2023-01-12 12:18:00,41900.0,CE,buy,1,2201.25,146.75,0.5655369469124594,-94.2982070882998,0.001299414122968301,0.37775069495499186,2023-01-12 12:30:40,131.6,0.5612284771729037,-85.96467882231462,0.001433924694538291,0.3549060112564722,-15.428350000000005,-0.7008904031800116,11.49518570858048,-0.7008904031800114
2023-01-12 12:53:00,2023-01-12 12:53:13,1689.0,112.6,180.0,debit,TP_hit,67.4,0.2926,0,2023-01-12 12:53:00,42000.0,CE,buy,1,1689.0,112.6,0.5049479340982543,-91.32967578406345,0.0014294903394329594,0.3844325200027451,2023-01-12 12:53:13,180.0,0.6134260192766305,-87.29440276919192,0.0011833515145553974,0.4448772588526518,67.10740000000001,3.97320307874482,15.468388787325301,-0.0
2023-01-12 12:57:00,2023-01-12 13:00:11,1410.75,94.05,84.05,debit,SL_hit,-10.0,0.1781,0,2023-01-12 12:57:00,42000.0,PE,buy,1,1410.75,94.05,0.467818226887573,-82.99353859349684,0.0015272306086444587,0.36316877772532735,2023-01-12 13:00:11,84.05,0.4593382595039941,-75.37464750327365,0.0016582025352818164,0.3373412373661525,-10.1781,-0.7214673046251994,14.746921482700103,-0.7214673046251985
2023-01-12 13:27:00,2023-01-12 13:27:17,1907.25,127.15,113.4,debit,SL_hit,-13.75,0.24055,0,2023-01-12 13:27:00,41800.0,CE,buy,1,1907.25,127.15,0.5728416387690061,-75.72110984371882,0.0015284884113953012,0.4009243670261693,2023-01-12 13:27:17,113.4,0.5452037945531174,-76.71832839553056,0.0015956487686707987,0.38866354322097646,-13.99055,-0.7335456809542535,14.013375801745848,-1.4550129855794527
2023-01-12 13:32:00,2023-01-12 13:34:39,1678.5,111.9,96.25,debit,SL_hit,-15.650000000000006,0.20815,0,2023-01-12 13:32:00,41800.0,CE,buy,1,1678.5,111.9,0.5159955291475171,-84.37268672996991,0.0014876403042762831,0.427728726763638,2023-01-12 13:34:39,96.25,0.49090332317192065,-78.3301803238378,0.001600372598886679,0.40252342347258047,-15.858150000000006,-0.9447810545129584,13.06859474723289,-2.399794040092411
2023-01-12 13:59:00,2023-01-12 14:00:05,1188.0,79.2,71.1,debit,SL_hit,-8.100000000000009,0.15030000000000002,0,2023-01-12 13:59:00,41900.0,PE,buy,1,1188.0,79.2,0.49214580408332154,-61.24710101449414,0.001965876350595863,0.3679858182302408,2023-01-12 14:00:05,71.1,0.4817428617847952,-56.559841408185534,0.0021160731478175876,0.3435949871213787,-8.250300000000008,-0.6944696969696976,12.374125050263192,-3.094263737062109
2023-01-12 14:01:00,2023-01-12 14:02:14,955.5,63.7,76.85,debit,TP_hit,13.149999999999991,0.14055,0,2023-01-12 14:01:00,41900.0,PE,buy,1,955.5,63.7,0.46000830906542944,-53.47962600124911,0.0021913019310204618,0.33208463629051704,2023-01-12 14:02:14,76.85,0.4982805779178534,-57.984186713096875,0.0020657498112086614,0.35667907790639974,13.009449999999992,1.361533228676085,13.735658278939278,-1.7327305083860232
2023-01-12 14:33:00,2023-01-12 14:33:24,653.25,43.55,52.5,debit,TP_hit,8.950000000000003,0.09605,0,2023-01-12 14:33:00,42000.0,CE,buy,1,653.25,43.55,0.41284953656237633,-37.589863448784676,0.002663184446305422,0.33454243084055874,2023-01-12 14:33:24,52.5,0.4399309268407592,-42.93782102959928,0.0024579235002875066,0.3683903774385414,8.853950000000003,1.3553693073096063,15.091027586248885,-0.37736120107641646
2023-01-13 09:53:00,2023-01-13 09:56:33,5470.5,364.7,326.3,debit,SL_hit,-38.39999999999998,0.6910000000000001,0,2023-01-13 09:53:00,42100.0,CE,buy,1,5470.5,364.7,0.5067501971979027,-33.87260880700768,0.00043970828755846014,0.16504929293178938,2023-01-13 09:56:33,326.3,0.47023250793643,-33.651850954680185,0.0004364898131825612,0.16619806839280205,-39.09099999999998,-0.714578192121378,14.376449394127507,-1.0919393931977943
2023-01-13 10:10:00,2023-01-13 12:16:37,6050.25,403.35,485.25,debit,TP_hit,81.89999999999998,0.8886000000000001,0,2023-01-13 10:10:00,41900.0,CE,buy,1,6050.25,403.35,0.5329314718380829,-34.65084719523816,0.00042910869524348527,0.16924712918288168,2023-01-13 12:16:37,485.25,0.6079375651864893,-33.505100080184036,0.00042988233417418087,0.1638239061957743,81.01139999999998,1.338976075368786,15.715425469496292,-0.0
2023-01-13 12:53:00,2023-01-13 12:58:51,4656.75,310.45,278.6,debit,SL_hit,-31.849999999999966,0.58905,0,2023-01-13 12:53:00,42200.0,PE,buy,1,4656.75,310.45,0.4657292281478931,-25.73592847748546,0.00046326931624207646,0.15705870547795267,2023-01-13 12:58:51,278.6,0.4354484293145333,-25.51204748829423,0.00046191928504413227,0.15586855978419542,-32.439049999999966,-0.6966027809094318,15.01882268858686,-0.6966027809094317
2023-01-13 13:02:00,2023-01-13 13:12:33,5048.25,336.55,302.2,debit,SL_hit,-34.35000000000002,0.63875,0,2023-01-13 13:02:01,42300.0,PE,buy,1,5048.25,336.55,0.49516770988589087,-25.23020215287204,0.00047155481297522783,0.15480332289311816,2023-01-13 13:12:33,302.2,0.46216360610742413,-25.365651337210693,0.00047000185077195056,0.15450776730506816,-34.988750000000024,-0.6930867132174521,14.325735975369408,-1.389689494126884
2023-01-13 13:38:00,2023-01-13 14:49:17,5714.25,380.95,342.8,debit,SL_hit,-38.14999999999998,0.72375,0,2023-01-13 13:38:00,42300.0,CE,buy,1,5714.25,380.95,0.5397927134822567,-33.05943358465504,0.0004636956418835325,0.15669909245445646,2023-01-13 14:49:17,342.8,0.5083731511149381,-32.92663891720969,0.0004705680112238042,0.1560616702998221,-38.87374999999998,-0.68029487684298,13.645441098526428,-2.0699843709698644
2023-01-13 15:04:00,2023-01-13 15:15:01,4592.25,306.15,311.9,debit,time_breach,5.75,0.61805,0,2023-01-13 15:04:00,42400.0,PE,buy,1,4592.25,306.15,0.48157198465901274,-24.282938857792374,0.0004956200427841395,0.14775284784095677,2023-01-13 15:15:00,311.9,0.48521885573791224,-24.492428699977836,0.0004924027052766178,0.1488810797975259,5.13195,0.11175240894986119,13.75719350747629,-1.9582319620200028
2023-01-16 09:39:00,2023-01-16 09:46:07,4930.5,328.7,295.15,debit,SL_hit,-33.55000000000001,0.6238499999999999,0,2023-01-16 09:39:00,42500.0,CE,buy,1,4930.5,328.7,0.5369335356419924,-53.574724158695574,0.0005342292297427775,0.18544343923874923,2023-01-16 09:46:07,295.15,0.5204107019324056,-50.87285162535699,0.0005678100478689885,0.17524650249565873,-34.17385000000001,-0.6931112463239024,13.064082261152388,-2.6513432083439046
2023-01-16 10:00:00,2023-01-16 10:10:35,4444.5,296.3,263.35,debit,SL_hit,-32.94999999999999,0.5596500000000001,0,2023-01-16 10:00:00,42600.0,PE,buy,1,4444.5,296.3,0.5019314246794693,-45.546872754313625,0.0005463243724079803,0.1824006906941013,2023-01-16 10:10:35,263.35,0.47301100416063946,-44.57409366971905,0.0005588930207522935,0.1778615360608094,-33.509649999999986,-0.7539577005287431,12.310124560623645,-3.405300908872647
2023-01-16 10:13:00,2023-01-16 11:15:24,4359.75,290.65,350.0,debit,TP_hit,59.35000000000002,0.6406499999999999,0,2023-01-16 10:13:00,42600.0,PE,buy,1,4359.75,290.65,0.4950540173922491,-45.87736445457975,0.0005448146112030372,0.18304650564116412,2023-01-16 11:15:24,350.0,0.561422981147075,-44.46250223155181,0.0005477880904436461,0.18164724928110945,58.70935000000002,1.346621939331384,13.65674649995503,-2.058678969541262
2023-01-16 12:19:00,2023-01-16 12:41:57,4521.75,301.45,271.3,debit,SL_hit,-30.149999999999977,0.57275,0,2023-01-16 12:19:00,42300.0,CE,buy,1,4521.75,301.45,0.49579326790478717,-57.548858823608526,0.0005150826609678916,0.19781035173211703,2023-01-16 12:41:57,271.3,0.4692350371755083,-56.317322310405075,0.000524289021086588,0.19449545443063188,-30.722749999999976,-0.6794437994139432,12.977302700541086,-2.738122768955206
2023-01-16 13:00:00,2023-01-16 13:14:15,4836.75,322.45,390.0,debit,TP_hit,67.55000000000001,0.71245,0,2023-01-16 13:00:00,42200.0,CE,buy,1,4836.75,322.45,0.5108396894570433,-59.34247655448394,0.0005043671080784407,0.20320122759422712,2023-01-16 13:14:15,390.0,0.5918889420115647,-55.74868128718833,0.0005173569661565125,0.19251061175028247,66.83755000000001,1.3818690236212334,14.35917172416232,-1.356253745333973
2023-01-16 13:15:00,2023-01-16 13:18:53,3763.5,250.9,225.3,debit,SL_hit,-25.599999999999994,0.47620000000000007,0,2023-01-16 13:15:00,42300.0,PE,buy,1,3763.5,250.9,0.4630648511408708,-45.98655719266944,0.0005665776825480862,0.17986075746690444,2023-01-16 13:18:53,225.3,0.43530007813927796,-45.06724502785107,0.0005695503091374121,0.17722844532386917,-26.076199999999993,-0.6928709977414639,13.666300726420856,-2.0491247430754367
2023-01-16 13:21:00,2023-01-16 13:31:09,4025.2500000000005,268.35,240.3,debit,SL_hit,-28.05000000000001,0.50865,0,2023-01-16 13:21:00,42400.0,PE,buy,1,4025.2500000000005,268.35,0.4833011044979685,-46.142943625953905,0.0005677441095031099,0.17995380042524695,2023-01-16 13:31:09,240.3,0.45389581900820986,-45.49861830226618,0.0005724965035369678,0.17745264549908316,-28.55865000000001,-0.7094876094652508,12.956813116955605,-2.7586123525406876
2023-01-16 14:02:00,2023-01-16 14:25:35,4522.5,301.5,269.55,debit,SL_hit,-31.94999999999999,0.57105,0,2023-01-16 14:02:00,42200.0,CE,buy,1,4522.5,301.5,0.49966438330955043,-58.3128272716915,0.000521359311278502,0.19813108589547726,2023-01-16 14:25:35,269.55,0.4839995860578483,-55.077262579888185,0.0005549060233533964,0.18662535895043209,-32.52104999999999,-0.7190945273631838,12.23771858959242,-3.477706879903872
2023-01-16 14:35:00,2023-01-16 14:47:47,3895.5,259.7,312.35,debit,TP_hit,52.650000000000034,0.57205,0,2023-01-16 14:35:00,42200.0,PE,buy,1,3895.5,259.7,0.48371501458746025,-45.410228327615926,0.0005873323516425444,0.1762731930851363,2023-01-16 14:47:47,312.35,0.5400192160152528,-45.262099238603014,0.000579483412366244,0.17857927632025028,52.07795000000004,1.3368745988961632,13.574593188488583,-2.140832281007709
2023-01-16 15:04:00,2023-01-16 15:15:01,3535.5,235.7,222.05,debit,time_breach,-13.649999999999977,0.45775,0,2023-01-16 15:04:00,42100.0,PE,buy,1,3535.5,235.7,0.4571731118971911,-45.22827438229609,0.0005904047384319711,0.17530060669213451,2023-01-16 15:15:00,222.05,0.44808265130313885,-43.901363775145,0.0006060497526050312,0.170459960545796,-14.107749999999978,-0.39903125441945914,13.175561934069124,-2.539863535427168
2023-01-17 09:48:00,2023-01-17 09:54:36,4466.25,297.75,359.1,debit,TP_hit,61.35000000000002,0.65685,0,2023-01-17 09:48:01,42200.0,CE,buy,1,4466.25,297.75,0.5241435912239467,-75.17775084660408,0.0005689730642188806,0.21172166093299755,2023-01-17 09:54:36,359.1,0.5796207430194045,-75.7526387522388,0.0005463220986712258,0.21622380640512487,60.693150000000024,1.3589286314021836,14.534490565471309,-1.1809349040249835
2023-01-17 09:55:00,2023-01-17 10:49:28,3300.75,220.05,264.4,debit,TP_hit,44.349999999999966,0.48445,0,2023-01-17 09:55:01,42300.0,PE,buy,1,3300.75,220.05,0.4626841178961172,-59.507146876896826,0.0006444028599617013,0.186150800535423,2023-01-17 10:49:28,264.4,0.5173867310389824,-61.10585295042543,0.0006408203034879989,0.18983338067364797,43.86554999999996,1.3289570552147227,15.863447620686031,-0.0
2023-01-17 11:22:00,2023-01-17 12:25:10,4040.9999999999995,269.4,242.4,debit,SL_hit,-26.99999999999997,0.5117999999999999,0,2023-01-17 11:22:00,42200.0,CE,buy,1,4040.9999999999995,269.4,0.5092397165896045,-73.76554315983645,0.0006018950671204948,0.20355330609242997,2023-01-17 12:25:10,242.4,0.49989367544611696,-70.07140397204273,0.0006504498628601141,0.19042759753584593,-27.511799999999972,-0.6808166295471412,15.18263099113889,-0.6808166295471416
2023-01-17 13:02:00,2023-01-17 13:14:05,3954.0000000000005,263.6,236.8,debit,SL_hit,-26.80000000000001,0.5004000000000001,0,2023-01-17 13:02:00,42000.0,CE,buy,1,3954.0000000000005,263.6,0.5113097020512214,-74.47069110334331,0.0006191316970216576,0.20203236698566562,2023-01-17 13:14:05,236.8,0.47934403935272485,-73.91981577679081,0.0006227199378372461,0.20136511502483287,-27.30040000000001,-0.6904501770359132,14.492180814102976,-1.3712668065830549
2023-01-17 13:39:00,2023-01-17 13:44:18,3213.0,214.2,190.75,debit,SL_hit,-23.44999999999999,0.40495,0,2023-01-17 13:39:00,42000.0,PE,buy,1,3213.0,214.2,0.47992168289425763,-59.809591010463464,0.0007020261705292796,0.17909168149013333,2023-01-17 13:44:18,190.75,0.45217025796375765,-58.18281126395533,0.0007152243597374763,0.17473961803503957,-23.854949999999988,-0.7424509803921565,13.74972983371082,-2.1137177869752115
2023-01-17 13:55:00,2023-01-17 14:02:55,2934.75,195.65,235.8,debit,TP_hit,40.150000000000006,0.43145000000000006,0,2023-01-17 13:55:00,42000.0,PE,buy,1,2934.75,195.65,0.4576319799866724,-58.96348844228842,0.0007113226274668705,0.17632971896096974,2023-01-17 14:02:55,235.8,0.5065715903356249,-60.974056855983974,0.000694871573614364,0.18203354933746776,39.71855000000001,1.3533878524576202,15.10311768616844,-0.7603299345175909
2023-01-17 14:18:00,2023-01-17 14:25:16,2793.75,186.25,166.15,debit,SL_hit,-20.099999999999994,0.3524,0,2023-01-17 14:18:01,42000.0,PE,buy,1,2793.75,186.25,0.4523831678454826,-57.52596872280421,0.0007328918627536041,0.17150588861965427,2023-01-17 14:25:16,166.15,0.41903997258145864,-56.90722650602076,0.0007227430387501954,0.17156858959133928,-20.452399999999994,-0.7320769574944069,14.371040728674034,-1.4924068920119975
2023-01-17 14:40:00,2023-01-17 15:00:18,3051.0,203.4,180.8,debit,SL_hit,-22.599999999999994,0.38420000000000004,0,2023-01-17 14:40:00,42100.0,PE,buy,1,3051.0,203.4,0.4812845994166537,-57.87261791090867,0.0007423284387186868,0.17075522403843055,2023-01-17 15:00:18,180.8,0.4623812028910379,-54.955857588227644,0.0007823450687283184,0.1619690521265981,-22.984199999999994,-0.7533333333333331,13.6177073953407,-2.2457402253453314
2023-01-17 15:11:00,2023-01-17 15:14:08,2919.75,194.65,175.15,debit,SL_hit,-19.5,0.3698,0,2023-01-17 15:11:00,42200.0,PE,buy,1,2919.75,194.65,0.4808684777600547,-56.082223568429214,0.0007743989272057661,0.16416851449744874,2023-01-17 15:14:08,175.15,0.4555283231127305,-54.68814852059613,0.0007878838914621156,0.16049672650815835,-19.8698,-0.6805308673687815,12.937176527971918,-2.9262710927141136
2023-01-18 09:23:00,2023-01-18 09:24:37,3765.0,251.0,225.4,debit,SL_hit,-25.599999999999994,0.4764,0,2023-01-18 09:23:00,42200.0,CE,buy,1,3765.0,251.0,0.5409679682188084,-125.45661382993745,0.0007092145892784174,0.2258738199689056,2023-01-18 09:24:37,225.4,0.5242836965479114,-119.41350268595261,0.0007538849899901834,0.21347265111462074,-26.076399999999996,-0.6926002656042496,12.244576262367667,-3.618871358318364
2023-01-18 09:35:00,2023-01-18 09:37:55,3184.5,212.3,189.8,debit,SL_hit,-22.5,0.4021,0,2023-01-18 09:35:00,42200.0,PE,buy,1,3184.5,212.3,0.5144293486239349,-107.7126495006053,0.000789629552855331,0.20487890339774792,2023-01-18 09:37:55,189.8,0.475234252613177,-109.76287935078162,0.0007791152256686473,0.2072905636130342,-22.9021,-0.7191741246663527,11.525402137701315,-4.338045482984716
2023-01-18 09:44:00,2023-01-18 09:47:03,2824.5,188.3,168.0,debit,SL_hit,-20.30000000000001,0.3563,0,2023-01-18 09:44:00,42300.0,PE,buy,1,2824.5,188.3,0.46296971060115766,-113.67044745825511,0.0007528544188062369,0.21379243026128894,2023-01-18 09:47:03,168.0,0.43326799255822834,-110.37748327741686,0.0007558875836366497,0.21082338316951776,-20.656300000000012,-0.7313258983890959,10.794076239312218,-5.069371381373813
2023-01-18 10:13:00,2023-01-18 10:55:43,3355.5,223.7,269.95,debit,TP_hit,46.25,0.49365,0,2023-01-18 10:13:00,42500.0,PE,buy,1,3355.5,223.7,0.5205131202842495,-115.28102362726294,0.0007633008181073819,0.21262713678962003,2023-01-18 10:55:43,269.95,0.6091729639422283,-99.68431581584926,0.0007923358680272941,0.2003135849921577,45.75635,1.363622410967069,12.157698650279288,-3.7057489704067432
2023-01-18 10:56:00,2023-01-18 11:10:18,3515.25,234.35,281.75,debit,TP_hit,47.400000000000006,0.5161,0,2023-01-18 10:56:00,42300.0,CE,buy,1,3515.25,234.35,0.5446928726840383,-126.11733636661596,0.0007679787472625321,0.21347148115726008,2023-01-18 11:10:18,281.75,0.6216930331731874,-112.69527069278817,0.0007669177648494951,0.20542265357572984,46.883900000000004,1.33372875328924,13.491427403568528,-2.3720202171175035
2023-01-18 11:43:00,2023-01-18 12:36:33,2664.75,177.65,215.65,debit,TP_hit,38.0,0.39330000000000004,0,2023-01-18 11:43:00,42500.0,PE,buy,1,2664.75,177.65,0.4551783148457389,-123.7052880412044,0.000775816033637966,0.21324320487975876,2023-01-18 12:36:33,215.65,0.5208222345586933,-129.9751677683508,0.0007922588451947377,0.2137502543266003,37.6067,1.41126559714795,14.902693000716479,-0.9607546199695527
2023-01-18 13:01:00,2023-01-18 14:05:31,2888.25,192.55,172.1,debit,SL_hit,-20.450000000000017,0.36465,0,2023-01-18 13:01:00,42400.0,CE,buy,1,2888.25,192.55,0.5086434360578096,-134.5794111132888,0.0008431334208580665,0.2029333965006325,2023-01-18 14:05:31,172.1,0.5016494747152933,-135.25515692213898,0.0009236865139428119,0.18918053903518284,-20.814650000000018,-0.7206664935514591,14.18202650716502,-1.6814211135210115
2023-01-18 14:29:00,2023-01-18 14:30:25,2747.25,183.15,164.75,debit,SL_hit,-18.400000000000006,0.3479,0,2023-01-18 14:29:00,42500.0,PE,buy,1,2747.25,183.15,0.520800586970438,-130.57200570450556,0.0009317218996329757,0.18841680269758307,2023-01-18 14:30:25,164.75,0.49462135998652457,-129.6694762715471,0.0009555660085425188,0.18390946410485975,-18.747900000000005,-0.6824242424242426,13.499602264740776,-2.363845355945255
2023-01-18 14:34:00,2023-01-18 15:00:58,2427.75,161.85,196.05,debit,TP_hit,34.20000000000002,0.3579,0,2023-01-18 14:34:00,42500.0,PE,buy,1,2427.75,161.85,0.488488527582831,-130.92195419982698,0.0009535665412840899,0.1844188045979824,2023-01-18 15:00:58,196.05,0.5386854293547572,-137.6998509350269,0.0009161519187728118,0.1931177796979494,33.842100000000016,1.393969725054063,14.89357198979484,-0.9698756308911918
2023-01-19 10:44:00,2023-01-19 10:51:36,1727.25,115.15,138.45,debit,TP_hit,23.299999999999983,0.2536,0,2023-01-19 10:44:00,42400.0,PE,buy,1,1727.25,115.15,0.4925257596312349,-100.72782129035224,0.0013555091982198064,0.29748424500657794,2023-01-19 10:51:36,138.45,0.5651119165591467,-87.66675624708552,0.001388615658015624,0.29081673579265865,23.046399999999984,1.334282819510782,16.227854809305622,-0.0
2023-01-19 11:17:00,2023-01-19 11:22:02,1339.5,89.3,109.35,debit,TP_hit,20.049999999999997,0.19865,0,2023-01-19 11:17:00,42300.0,PE,buy,1,1339.5,89.3,0.43082192548382636,-86.82295346137144,0.0014040674045645574,0.30122314396685207,2023-01-19 11:22:02,109.35,0.47151998856591604,-99.88805123918108,0.0013312013891209062,0.32520176511058485,19.851349999999996,1.4819970138111231,17.709851823116747,-0.0
2023-01-19 11:47:00,2023-01-19 11:53:52,1607.25,107.15,128.7,debit,TP_hit,21.549999999999983,0.23585,0,2023-01-19 11:47:00,42400.0,PE,buy,1,1607.25,107.15,0.49967216225823563,-89.8716172060052,0.0014897317157647194,0.30664501924105164,2023-01-19 11:53:52,128.7,0.5583811524488169,-83.69736418308185,0.001467841173052875,0.31301609780187506,21.314149999999984,1.3261253694198154,19.035977192536564,-0.0
2023-01-19 12:06:00,2023-01-19 12:35:16,1805.25,120.35,108.15,debit,SL_hit,-12.199999999999989,0.2285,0,2023-01-19 12:06:00,42400.0,PE,buy,1,1805.25,120.35,0.5414568430040845,-84.82139722149553,0.0015001077713350242,0.3168724585375062,2023-01-19 12:35:16,108.15,0.5381122635171209,-76.46554404644199,0.0016533005009478074,0.3108781881727225,-12.428499999999989,-0.688464201634122,18.34751299090244,-0.6884642016341225
2023-01-19 12:38:00,2023-01-19 12:45:28,1662.0,110.8,133.35,debit,TP_hit,22.549999999999997,0.24414999999999998,0,2023-01-19 12:38:00,42400.0,PE,buy,1,1662.0,110.8,0.5286891418442963,-81.48627546455836,0.0015716837253876292,0.3302346590420952,2023-01-19 12:45:28,133.35,0.6120459885082141,-63.04747979018457,0.0016073968822638562,0.3182278070022316,22.305849999999996,1.3421089049338144,19.689621895836254,-0.0
2023-01-19 13:06:00,2023-01-19 13:07:38,1386.0,92.4,83.0,debit,SL_hit,-9.400000000000006,0.1754,0,2023-01-19 13:06:00,42300.0,PE,buy,1,1386.0,92.4,0.5198760945432923,-69.12318200388756,0.0018358954889663437,0.31006047346964666,2023-01-19 13:07:38,83.0,0.4975521313077991,-67.01672093826865,0.0019086779445842694,0.30022841272961504,-9.575400000000005,-0.6908658008658013,18.998756094970453,-0.6908658008658008
2023-01-19 14:04:00,2023-01-19 14:05:38,879.75,58.65,52.0,debit,SL_hit,-6.649999999999999,0.11065000000000001,0,2023-01-19 14:04:00,42300.0,PE,buy,1,879.75,58.65,0.4448132982574293,-50.64048827945711,0.0022515882847073954,0.32414203679546183,2023-01-19 14:05:38,52.0,0.4220856254082861,-46.682088879373524,0.0023258007075810383,0.31370803846117556,-6.760649999999998,-0.76847399829497,18.230282096675484,-1.4593397991607695
2023-01-19 14:10:00,2023-01-19 14:13:49,670.5,44.7,40.2,debit,SL_hit,-4.5,0.0849,0,2023-01-19 14:10:01,42300.0,PE,buy,1,670.5,44.7,0.40416342900222446,-40.9439051360282,0.002512689789568867,0.29519579807976387,2023-01-19 14:13:49,40.2,0.39804990645748717,-36.90370126942261,0.0027213427244987543,0.27816974356003893,-4.5849,-0.6838031319910515,17.546478964684432,-2.1431429311518215
2023-01-20 09:47:00,2023-01-20 10:09:56,3952.5,263.5,320.0,debit,TP_hit,56.5,0.5835,0,2023-01-20 09:47:00,42600.0,CE,buy,1,3952.5,263.5,0.4974238642518003,-30.521236277185096,0.0005932457725066342,0.13191717371212314,2023-01-20 10:09:56,320.0,0.5418261590676821,-32.42745091893585,0.0005563748572967597,0.13983504638782346,55.9165,1.4147122074636305,18.961191172148062,-0.7284307236881915
2023-01-20 10:13:00,2023-01-20 14:34:04,4638.75,309.25,373.0,debit,TP_hit,63.75,0.68225,0,2023-01-20 10:13:00,42700.0,PE,buy,1,4638.75,309.25,0.4911018629655928,-28.057444922807406,0.0005061127694716561,0.15443842246883202,2023-01-20 14:34:04,373.0,0.5815813973327977,-25.08875647701865,0.0005405212277764804,0.1446678683911589,63.06775,1.3595850175154944,20.320776189663558,-0.0
2023-01-23 09:32:00,2023-01-23 09:36:01,3495.75,233.05,208.0,debit,SL_hit,-25.05000000000001,0.44105,0,2023-01-23 09:32:00,42900.0,PE,buy,1,3495.75,233.05,0.4906616654253071,-56.97186801827041,0.000668662494263117,0.17716723022626765,2023-01-23 09:36:01,208.0,0.45478413777573223,-57.113256220729824,0.0006624344450756325,0.1776070446322402,-25.491050000000012,-0.7292011728527501,19.591575016810808,-0.7292011728527505
2023-01-23 09:37:00,2023-01-23 09:51:34,3228.75,215.25,193.45,debit,SL_hit,-21.80000000000001,0.4087,0,2023-01-23 09:37:00,42900.0,PE,buy,1,3228.75,215.25,0.4682126180597379,-56.65753569070168,0.0006713963784932275,0.1759448143720391,2023-01-23 09:51:34,193.45,0.4346122075006065,-56.83166196792985,0.0006605969815609569,0.1771654173567395,-22.20870000000001,-0.6878420441347275,18.90373297267608,-1.4170432169874765
2023-01-23 09:52:00,2023-01-23 11:16:06,3561.0,237.4,285.0,debit,TP_hit,47.599999999999994,0.5224,0,2023-01-23 09:52:00,43000.0,PE,buy,1,3561.0,237.4,0.4965966250139786,-57.34465633145939,0.0006690325449199008,0.1772843061873116,2023-01-23 11:16:06,285.0,0.6096112648862118,-46.33098806538939,0.0007514375965911313,0.15439664591905355,47.0776,1.3220331367593372,20.22576610943542,-0.09501008022813906
2023-01-23 11:41:00,2023-01-23 12:06:34,3795.0,253.0,227.05,debit,SL_hit,-25.94999999999999,0.48005000000000003,0,2023-01-23 11:41:00,42800.0,CE,buy,1,3795.0,253.0,0.5485275687775015,-62.285347250983136,0.000718429475909943,0.16725734739922846,2023-01-23 12:06:34,227.05,0.5173869956848876,-62.23325560176394,0.0007333011353694019,0.16578089428384848,-26.430049999999987,-0.6964440052700919,19.529322104165328,-0.7914540854982306
2023-01-23 12:29:00,2023-01-23 13:01:53,2674.5,178.3,220.55,debit,TP_hit,42.25,0.39885000000000004,0,2023-01-23 12:29:00,42800.0,PE,buy,1,2674.5,178.3,0.4543656310985966,-52.0993177797492,0.000770799886140594,0.15728337022377084,2023-01-23 13:01:53,220.55,0.5205167120564624,-52.58889669443286,0.0007739848228993651,0.15860952705481554,41.85115,1.5648214619555056,21.094143566120835,-0.0
2023-01-23 13:19:00,2023-01-23 13:38:20,2865.0,191.0,171.7,debit,SL_hit,-19.30000000000001,0.3627,0,2023-01-23 13:19:00,42800.0,PE,buy,1,2865.0,191.0,0.4839342202814123,-51.782165459493456,0.000796987364992674,0.15438870525198237,2023-01-23 13:38:20,171.7,0.4561477818668891,-51.23561843546581,0.0008052228395172278,0.15236074100587918,-19.66270000000001,-0.6863071553228626,20.407836410797973,-0.6863071553228615
2023-01-23 14:19:00,2023-01-23 14:37:24,3441.75,229.45,206.3,debit,SL_hit,-23.149999999999977,0.43575,0,2023-01-23 14:19:00,42800.0,CE,buy,1,3441.75,229.45,0.5304256896096149,-63.55488066309755,0.000753794893171289,0.164456736403002,2023-01-23 14:37:24,206.3,0.49984625198362664,-63.19732573608297,0.0007652994327145279,0.16313580656721824,-23.585749999999976,-0.6852836493063115,19.722552761491663,-1.3715908046291716
2023-01-23 14:48:00,2023-01-23 15:15:01,2534.25,168.95,164.3,debit,time_breach,-4.649999999999977,0.33325,0,2023-01-23 14:48:00,42800.0,PE,buy,1,2534.25,168.95,0.46930354900212023,-49.667680981740645,0.0008570174259148189,0.1453749945822846,2023-01-23 15:15:00,164.3,0.4544498982582468,-51.285227285665414,0.0008362141556972347,0.14908556981611157,-4.983249999999977,-0.1966360856269104,19.525916675864753,-1.5682268902560814
2023-01-24 09:39:00,2023-01-24 09:53:49,2763.0,184.2,226.3,debit,TP_hit,42.10000000000002,0.41050000000000003,0,2023-01-24 09:39:00,43100.0,PE,buy,1,2763.0,184.2,0.53234595924323,-87.270732354278,0.0009576035608915845,0.1652187147824869,2023-01-24 09:53:49,226.3,0.6092922357225916,-78.29284276970404,0.0009441333759241388,0.16275132105343573,41.689500000000024,1.5088490770901204,21.034765752954872,-0.05937781316596258
2023-01-24 11:03:00,2023-01-24 11:06:04,2265.75,151.05,133.75,debit,SL_hit,-17.30000000000001,0.2848,0,2023-01-24 11:03:00,42900.0,PE,buy,1,2265.75,151.05,0.5080041587845585,-84.58341400350183,0.0010860119914468669,0.15028650414028122,2023-01-24 11:06:04,133.75,0.479957623436178,-82.34554589838773,0.0011208422279196384,0.1455127490475036,-17.584800000000012,-0.7761138695796099,20.25865188337526,-0.8354916827455732
2023-01-24 11:14:00,2023-01-24 11:20:02,3126.75,208.45,187.0,debit,SL_hit,-21.44999999999999,0.39545,0,2023-01-24 11:14:00,42800.0,CE,buy,1,3126.75,208.45,0.5505740898868794,-112.29831248539533,0.0008780452276369033,0.18516777030801437,2023-01-24 11:20:02,187.0,0.5209598968363593,-112.15104762869854,0.0009011145607473736,0.18211104570563155,-21.84544999999999,-0.698663148636763,19.5599887347385,-1.5341548313823345
2023-01-24 11:49:00,2023-01-24 12:48:55,2330.25,155.35,139.8,debit,SL_hit,-15.549999999999983,0.29514999999999997,0,2023-01-24 11:49:00,42800.0,PE,buy,1,2330.25,155.35,0.49048845343833136,-97.45604343731068,0.0009996259109357197,0.16581972114311191,2023-01-24 12:48:55,139.8,0.47589257606972524,-98.74996306554335,0.0010580336606835772,0.15928036183449892,-15.845149999999983,-0.6799763973822543,18.880012337356245,-2.2141312287645896
2023-01-24 12:51:00,2023-01-24 13:30:49,2104.5,140.3,169.0,debit,TP_hit,28.69999999999999,0.3093,0,2023-01-24 12:51:00,42800.0,PE,buy,1,2104.5,140.3,0.4749848779539434,-99.6688660394768,0.0010510098036320414,0.16041606920683962,2023-01-24 13:30:49,169.0,0.5385581232431491,-101.24489951284231,0.0010614647294460156,0.1606460741288228,28.39069999999999,1.3490472796388686,20.229059616995112,-0.8650839491257223
2023-01-24 13:49:00,2023-01-24 13:54:00,2442.75,162.85,145.3,debit,SL_hit,-17.549999999999983,0.30815,0,2023-01-24 13:49:00,42700.0,CE,buy,1,2442.75,162.85,0.4848707848793765,-130.5412386290016,0.0009250965149476542,0.18649927811037023,2023-01-24 13:54:00,145.3,0.4543425579683458,-125.8014147598942,0.0009333118100585125,0.1842204599780102,-17.858149999999984,-0.7310674444785584,19.497992172516554,-1.5961513936042806
2023-01-24 13:59:00,2023-01-24 15:00:03,2966.25,197.75,239.25,debit,TP_hit,41.5,0.437,0,2023-01-24 13:59:00,42600.0,CE,buy,1,2966.25,197.75,0.5371395078327623,-136.69129204173868,0.0008923433370000566,0.193448427574777,2023-01-24 15:00:03,239.25,0.6417308229828222,-104.2857983914428,0.0009405880518897902,0.17570317317422746,41.063,1.3843404972608513,20.882332669777405,-0.21181089634342953
2023-01-25 09:23:00,2023-01-25 09:27:22,2224.5,148.3,132.0,debit,SL_hit,-16.30000000000001,0.2803,0,2023-01-25 09:23:00,42500.0,CE,buy,1,2224.5,148.3,0.5600719510240992,-102.11375266171743,0.001267945037852769,0.2766904060332237,2023-01-25 09:27:22,132.0,0.515112486861824,-111.83198520701322,0.0012569327623168647,0.28404272709921147,-16.580300000000012,-0.7453495167453366,20.13698315303207,-0.957160413088765
2023-01-25 09:38:00,2023-01-25 09:42:34,2130.75,142.05,127.05,debit,SL_hit,-15.000000000000014,0.2691,0,2023-01-25 09:38:00,42400.0,CE,buy,1,2130.75,142.05,0.5248780096707151,-115.58237729605331,0.001201851773657836,0.3018031621355018,2023-01-25 09:42:34,127.05,0.5164580093051541,-106.77256098013227,0.0013115223396198417,0.27875030441088816,-15.269100000000014,-0.716606828581486,19.420376324450583,-1.6737672416702516
2023-01-25 09:57:00,2023-01-25 10:01:50,2286.0,152.4,135.25,debit,SL_hit,-17.150000000000006,0.28764999999999996,0,2023-01-25 09:57:01,42300.0,CE,buy,1,2286.0,152.4,0.5437902624038315,-113.44839492268648,0.0011812147704404197,0.31503264789809,2023-01-25 10:01:50,135.25,0.5163736468404068,-113.16718736217157,0.0012312966646277346,0.3062180718475525,-17.437650000000005,-0.7628018372703415,18.65757448718024,-2.436569078940593
2023-01-25 11:32:00,2023-01-25 11:41:18,2541.0,169.4,204.95,debit,TP_hit,35.54999999999998,0.37435,0,2023-01-25 11:32:00,41600.0,CE,buy,1,2541.0,169.4,0.4836722896044421,-152.2822999129761,0.0008854470934238634,0.5088273428021923,2023-01-25 11:41:18,204.95,0.6304065283288196,-90.52284505187257,0.0010752259527180286,0.4034159210680686,35.17564999999998,1.3843231011412822,20.041897588321525,-1.0522459777993092
2023-01-25 11:45:00,2023-01-25 11:46:36,1778.25,118.55,105.0,debit,SL_hit,-13.549999999999997,0.22355000000000003,0,2023-01-25 11:45:00,41700.0,PE,buy,1,1778.25,118.55,0.4795199364835412,-105.47147121296946,0.0012620867551049741,0.3657661515273067,2023-01-25 11:46:36,105.0,0.45864562343922444,-97.62802151759415,0.0013253037423055503,0.3480294724555961,-13.773549999999997,-0.7745564459440459,19.26734114237748,-1.8268024237433558
2023-01-25 12:08:00,2023-01-25 12:10:16,1278.0,85.2,104.6,debit,TP_hit,19.39999999999999,0.18980000000000002,0,2023-01-25 12:08:00,41800.0,PE,buy,1,1278.0,85.2,0.46618281910326687,-77.43063648613473,0.0016757149978730013,0.2893393107566508,2023-01-25 12:10:16,104.6,0.5220557132950887,-80.07740038434004,0.0016329333618614328,0.2994703164781473,19.21019999999999,1.5031455399061024,20.770486682283583,-0.323656883837252
2023-01-25 12:51:00,2023-01-25 12:52:35,1199.25,79.95,71.75,debit,SL_hit,-8.200000000000003,0.1517,0,2023-01-25 12:51:00,41800.0,PE,buy,1,1199.25,79.95,0.4727273993026415,-70.01340150951971,0.0018262471712660044,0.29967914478253693,2023-01-25 12:52:35,71.75,0.4493114469106274,-65.88798173809802,0.0018724416861459758,0.29196942785666796,-8.351700000000003,-0.6964102564102567,20.074076425873326,-1.0200671402475088
2023-01-25 13:02:00,2023-01-25 13:03:24,1538.25,102.55,92.2,debit,SL_hit,-10.349999999999994,0.19475,0,2023-01-25 13:02:01,41800.0,CE,buy,1,1538.25,102.55,0.5191847860515963,-78.68097361015782,0.0016393914847867563,0.3464739922486408,2023-01-25 13:03:24,92.2,0.5011522162853055,-75.07952923100474,0.0017264507334857626,0.33101350207082453,-10.544749999999995,-0.6855030066634159,19.38857341920991,-1.705570146910926
2023-01-25 13:31:00,2023-01-25 13:31:04,950.25,63.35,56.4,debit,SL_hit,-6.950000000000003,0.11975000000000001,0,2023-01-25 13:31:00,41800.0,CE,buy,1,950.25,63.35,0.41014997560573363,-60.28276620632429,0.0018087923336906897,0.3421516175555832,2023-01-25 13:31:04,56.4,0.3747873926702283,-55.18264891915391,0.0017392276419059272,0.3472644685248978,-7.069750000000003,-0.7439884240989216,18.644584995110986,-2.449558571009849
2023-01-25 13:32:00,2023-01-25 13:32:14,1571.25,104.75,127.1,debit,TP_hit,22.349999999999994,0.23185,0,2023-01-25 13:32:00,41800.0,CE,buy,1,1571.25,104.75,0.5317285474049527,-74.51101457921064,0.0016643696199025726,0.3813377523942008,2023-01-25 13:32:14,127.1,0.5822264793792442,-71.87029943605297,0.0015643547612853581,0.39840406480654833,22.118149999999993,1.4076785998408905,20.052263594951874,-1.0418799711689601
2023-01-25 13:42:00,2023-01-25 13:45:03,1356.75,90.45,80.3,debit,SL_hit,-10.150000000000006,0.17075,0,2023-01-25 13:42:00,41800.0,CE,buy,1,1356.75,90.45,0.5006210990941895,-70.85164736936028,0.001757036898197839,0.3789453651056218,2023-01-25 13:45:03,80.3,0.4963293610437347,-63.46573260290484,0.0019531613304479833,0.3458109902152866,-10.320750000000006,-0.7606965174129356,19.29156707753894,-1.8025764885818951
2023-01-25 13:58:00,2023-01-25 14:00:42,861.75,57.45,51.7,debit,SL_hit,-5.75,0.10915000000000001,0,2023-01-25 13:58:00,41800.0,PE,buy,1,861.75,57.45,0.45269787038364484,-49.2628718134788,0.0023661819170683884,0.3025895360804244,2023-01-25 14:00:42,51.7,0.4287990661772767,-46.235927364362546,0.0024022793354561145,0.299735933460819,-5.85915,-0.6799129677980852,18.611654109740854,-2.48248945637998
2023-01-25 14:14:00,2023-01-25 14:14:59,1011.0000000000001,67.4,81.9,debit,TP_hit,14.5,0.14930000000000002,0,2023-01-25 14:14:00,41900.0,PE,buy,1,1011.0000000000001,67.4,0.5414786650845826,-42.49059430410859,0.00267401816245183,0.2946176500539833,2023-01-25 14:14:59,81.9,0.6017424419326289,-38.92862920874889,0.002555694891270832,0.301931227881087,14.3507,1.419455984174085,20.03111009391494,-1.0630334722058947
2023-01-25 14:21:00,2023-01-25 14:22:01,1434.0,95.6,83.35,debit,SL_hit,-12.25,0.17895,0,2023-01-25 14:21:00,41800.0,CE,buy,1,1434.0,95.6,0.557180028579296,-56.46909271894333,0.001955476420789637,0.42131009503919226,2023-01-25 14:22:01,83.35,0.5639121662234459,-47.71308472361474,0.002283127145119579,0.36260006376546056,-12.42895,-0.8667329149232915,19.16437717899165,-1.9297663871291846
2023-01-27 09:30:00,2023-01-27 09:38:00,9729.75,648.65,785.5,debit,TP_hit,136.85000000000002,1.43415,0,2023-01-27 09:30:00,40800.0,CE,buy,1,9729.75,648.65,0.5161421238938146,-56.22785744171915,0.0002515969299565768,0.2968639563883481,2023-01-27 09:38:00,785.5,0.5731995432995518,-56.931885574398166,0.00024219502847699914,0.30175904886000504,135.41585000000003,1.3917711143657343,20.556148293357385,-0.5379952727634496
2023-01-27 11:59:00,2023-01-27 12:17:26,9457.5,630.5,564.0,debit,SL_hit,-66.5,1.1945000000000001,0,2023-01-27 11:59:00,40600.0,CE,buy,1,9457.5,630.5,0.5179343860618246,-55.32175826854734,0.0002603701432235539,0.2905471893991071,2023-01-27 12:17:26,564.0,0.48404739058014457,-54.88085309457665,0.0002619458427943755,0.2900865178750044,-67.6945,-0.715775839280994,19.84037245407639,-1.2537711120444435
2023-01-27 12:47:00,2023-01-27 13:00:42,9369.0,624.6,559.4,debit,SL_hit,-65.20000000000005,1.184,0,2023-01-27 12:47:00,40300.0,PE,buy,1,9369.0,624.6,0.4814513285623434,-51.72153809738063,0.0002460910764057189,0.3105411129898613,2023-01-27 13:00:42,559.4,0.4624709863207954,-49.23806894458977,0.00025701069716888014,0.29599410670819604,-66.38400000000004,-0.7085494716618641,19.131822982414526,-1.9623205837063082
2023-01-27 13:04:00,2023-01-27 13:20:59,9104.25,606.95,544.0,debit,SL_hit,-62.950000000000045,1.1509500000000001,0,2023-01-27 13:04:00,40400.0,PE,buy,1,9104.25,606.95,0.4921758769569351,-48.49850231213759,0.0002618617145344615,0.2918590287664215,2023-01-27 13:20:59,544.0,0.4844105648260211,-44.50524648185916,0.00028428416953829583,0.26875560029464957,-64.10095000000004,-0.704077216684516,18.42774576573001,-2.6663978003908255
2023-01-27 13:44:00,2023-01-27 14:10:13,8128.5,541.9,651.8,debit,TP_hit,109.89999999999998,1.1936999999999998,0,2023-01-27 13:44:00,40400.0,PE,buy,1,8128.5,541.9,0.4863198269106306,-44.16380734045805,0.0002870876869565109,0.2665289439468623,2023-01-27 14:10:13,651.8,0.5337663820000671,-45.498643832545895,0.0002763681550277397,0.2777132053113218,108.70629999999997,1.3373476041089987,19.765093369839008,-1.3290501962818269
2023-01-27 14:17:00,2023-01-27 15:15:01,9969.75,664.65,719.35,debit,time_breach,54.700000000000045,1.3840000000000001,0,2023-01-27 14:17:00,40200.0,CE,buy,1,9969.75,664.65,0.5236223994131706,-58.10122743260774,0.00025089207156270277,0.3065667550823687,2023-01-27 15:15:00,719.35,0.5606595907124756,-56.444277450130926,0.0002565843715274241,0.2967029083196634,53.316000000000045,0.5347777025502148,20.299871072389223,-0.7942724937316115
2023-01-30 09:29:00,2023-01-30 09:29:14,7398.0,493.2,443.8,debit,SL_hit,-49.39999999999998,0.937,0,2023-01-30 09:29:00,40500.0,PE,buy,1,7398.0,493.2,0.4736802556948305,-84.72252960943075,0.0003021369820999098,0.3444491263656979,2023-01-30 09:29:14,443.8,0.446169631126736,-83.04222094408357,0.0003040867113668355,0.33898119210708405,-50.336999999999975,-0.680413625304136,19.619457447085086,-1.4746861190357485
2023-01-30 09:35:00,2023-01-30 09:40:02,7856.999999999999,523.8,629.65,debit,TP_hit,105.85000000000002,1.1534499999999999,0,2023-01-30 09:35:00,40800.0,PE,buy,1,7856.999999999999,523.8,0.4992438006638622,-82.9565444125468,0.0003092077349720057,0.3356053292676445,2023-01-30 09:40:02,629.65,0.561233576036102,-80.77134545776221,0.00030735236578038894,0.3354701016695043,104.69655000000002,1.3325257731958766,20.95198322028096,-0.1421603458398728
2023-01-30 10:30:00,2023-01-30 10:43:15,10200.0,680.0,608.5,debit,SL_hit,-71.5,1.2885,0,2023-01-30 10:30:00,40200.0,CE,buy,1,10200.0,680.0,0.525049901989405,-113.25348568459276,0.0002460842551954556,0.4287841994402036,2023-01-30 10:43:15,608.5,0.49511016016481335,-111.4862956512398,0.0002513309027563082,0.42253484978720257,-72.7885,-0.7136127450980392,20.238370475182922,-0.8557730909379124
2023-01-30 10:49:00,2023-01-30 11:03:27,10117.5,674.5,606.6,debit,SL_hit,-67.89999999999998,1.2811,0,2023-01-30 10:49:00,40000.0,CE,buy,1,10117.5,674.5,0.5248993474936015,-112.8887340197341,0.00024797259357001167,0.42849727058308973,2023-01-30 11:03:27,606.6,0.4966147436846313,-111.15753055118302,0.00025329541131213773,0.4221577361235037,-69.18109999999997,-0.6837766246602418,19.55459385052268,-1.539549715598156
2023-01-30 11:18:00,2023-01-30 11:53:42,9927.75,661.85,803.4,debit,TP_hit,141.54999999999995,1.46525,0,2023-01-30 11:18:00,39900.0,CE,buy,1,9927.75,661.85,0.5227221564325646,-112.29459454766447,0.0002512467744963942,0.42564779848659434,2023-01-30 11:53:42,803.4,0.5774668005926742,-114.95536696961778,0.00023909365154395346,0.4387196600365577,140.08474999999996,1.411042280476442,20.96563613099912,-0.12850743512171547
2023-01-30 11:57:00,2023-01-30 12:20:50,7179.75,478.65,575.2,debit,TP_hit,96.55000000000007,1.05385,0,2023-01-30 11:57:00,40100.0,PE,buy,1,7179.75,478.65,0.4732254201002206,-85.40212733881361,0.0003106771373495576,0.343712163695383,2023-01-30 12:20:50,575.2,0.5366605429287574,-83.76007030262753,0.00031490230867348146,0.3410129693754917,95.49615000000007,1.3300762561370532,22.295712387136174,-0.0
2023-01-30 13:46:00,2023-01-30 13:49:23,9634.5,642.3,576.0,debit,SL_hit,-66.29999999999995,1.2183,0,2023-01-30 13:46:00,39600.0,CE,buy,1,9634.5,642.3,0.5256308273715149,-111.89153206130948,0.00026129555408260785,0.418935285936489,2023-01-30 13:49:23,576.0,0.4824364971568684,-114.58428349764762,0.0002548199518059846,0.4319896157551657,-67.51829999999995,-0.700797135295033,21.59491525184114,-0.7007971352950335
2023-01-30 14:09:00,2023-01-30 14:22:41,7785.0,519.0,460.0,debit,SL_hit,-59.0,0.979,0,2023-01-30 14:09:00,39800.0,PE,buy,1,7785.0,519.0,0.5004830682651118,-87.77869460267056,0.0003133914106001612,0.34990889124003877,2023-01-30 14:22:41,460.0,0.46373133413908363,-87.79086760986564,0.0003127468062302796,0.34874298941890436,-59.979,-0.7704431599229287,20.82447209191821,-1.4712402952179637
2023-01-30 14:50:00,2023-01-30 15:00:18,7148.25,476.55,425.6,debit,SL_hit,-50.94999999999999,0.9021500000000001,0,2023-01-30 14:50:00,40100.0,PE,buy,1,7148.25,476.55,0.48015162608123774,-86.94932221883784,0.0003193082420693827,0.3415251848431042,2023-01-30 15:00:18,425.6,0.4494366210565204,-85.69290900445333,0.0003207037480024155,0.3372361987244655,-51.85214999999999,-0.725382436260623,20.099089655657586,-2.1966227314785876
